予約番号,スペース,利用日,合計金額,ゲスト名,ステータス
SM4318855,店舗B,2024/02/28,39688,ゲスト29,完了
SM3499627,店舗B,2024/03/13,8679,ゲスト8,完了
SM3783722,店舗B,2024/10/31,22914,ゲスト57,完了
SM3086308,店舗B,2024/12/18,23928,ゲスト90,完了
SM7752972,店舗B,2024/09/13,39388,ゲスト64,完了
SM8344375,店舗A,2024/11/02,6612,ゲスト56,完了
SM6407658,店舗C,2024/05/08,5695,ゲスト12,完了
SM4840714,店舗C,2024/10/21,5359,ゲスト98,完了
SM5521644,店舗C,2024/01/21,15481,ゲスト61,完了
SM9706768,店舗C,2024/08/14,22229,ゲスト24,完了
SM8312936,店舗C,2024/09/08,9979,ゲスト61,完了
SM6837817,店舗B,2024/06/19,25040,ゲスト86,完了
SM2754894,店舗A,2024/06/17,30977,ゲスト89,完了
SM9312590,店舗B,2024/12/05,30244,ゲスト98,完了
SM1615675,店舗B,2024/02/15,24612,ゲスト33,完了
SM6423634,店舗A,2024/07/25,37724,ゲスト1,完了
SM8750676,店舗B,2024/01/28,16293,ゲスト67,完了
SM7069650,店舗C,2024/09/12,32969,ゲスト98,完了
SM1865901,店舗A,2024/05/16,39993,ゲスト17,完了
SM5832327,店舗B,2024/12/23,35766,ゲスト16,完了
SM1484348,店舗C,2024/11/07,19682,ゲスト91,完了
SM3657144,店舗B,2024/10/09,4896,ゲスト71,完了
SM7844947,店舗A,2024/04/25,11435,ゲスト60,完了
SM2970754,店舗C,2024/03/19,36661,ゲスト92,完了
SM5896624,店舗C,2024/12/27,21919,ゲスト54,完了
SM9094999,店舗B,2024/05/04,33935,ゲスト71,完了
SM3426689,店舗B,2024/04/07,37308,ゲスト96,完了
SM3290229,店舗A,2024/05/21,31193,ゲスト44,完了
SM9518424,店舗B,2024/01/02,22536,ゲスト93,完了
SM6008935,店舗C,2024/10/23,36089,ゲスト20,完了
SM8491822,店舗C,2024/09/04,26618,ゲスト43,完了
SM7328534,店舗B,2024/06/13,16363,ゲスト90,完了
SM5006492,店舗C,2024/07/15,19306,ゲスト100,完了
SM7891662,店舗A,2024/06/11,34996,ゲスト91,完了
SM7395997,店舗B,2024/12/05,13968,ゲスト64,完了
SM1621086,店舗A,2024/09/14,25757,ゲスト13,完了
SM8387112,店舗A,2024/09/26,33945,ゲスト2,完了
SM3418526,店舗B,2024/12/01,14116,ゲスト10,完了
SM8876745,店舗B,2024/06/22,30049,ゲスト84,完了
SM2347467,店舗B,2024/12/11,38971,ゲスト49,完了
SM6312692,店舗C,2024/09/06,39456,ゲスト5,完了
SM2147909,店舗A,2024/11/19,22833,ゲスト30,完了
SM2516313,店舗B,2024/02/20,10586,ゲスト57,完了
SM3791137,店舗C,2024/06/02,5897,ゲスト6,完了
SM6442103,店舗A,2024/05/30,27492,ゲスト48,完了
SM8225725,店舗A,2024/05/05,38810,ゲスト53,完了
SM4020853,店舗A,2024/03/30,9175,ゲスト79,完了
SM7418028,店舗C,2024/12/15,19783,ゲスト64,完了
SM3401116,店舗A,2024/08/24,20644,ゲスト59,完了
SM5283671,店舗C,2024/01/05,34490,ゲスト37,完了
SM3650391,店舗A,2024/08/14,26646,ゲスト76,完了
SM6018975,店舗C,2024/08/05,20390,ゲスト59,完了
SM6068760,店舗A,2024/07/15,35667,ゲスト14,完了
SM4979651,店舗B,2024/10/19,27524,ゲスト74,完了
SM5963914,店舗C,2024/05/31,5437,ゲスト85,完了
SM7640518,店舗B,2024/01/05,7214,ゲスト78,完了
SM9333700,店舗B,2024/04/27,27089,ゲスト29,完了
SM4189885,店舗C,2024/05/08,12963,ゲスト81,完了
SM2630140,店舗C,2024/11/26,6583,ゲスト40,完了
SM8395785,店舗A,2024/10/23,27911,ゲスト94,完了
SM3204724,店舗A,2024/05/31,25411,ゲスト96,完了
SM7970985,店舗A,2024/04/12,12661,ゲスト70,完了
SM7138070,店舗C,2024/09/13,21860,ゲスト22,完了
SM5311242,店舗B,2024/05/31,26198,ゲスト15,完了
SM8857296,店舗A,2024/03/13,18785,ゲスト87,完了
SM7667458,店舗C,2024/07/06,9918,ゲスト51,完了
SM1233516,店舗B,2024/10/01,12099,ゲスト59,完了
SM7183841,店舗C,2024/12/10,21181,ゲスト75,完了
SM7392547,店舗C,2024/07/09,11100,ゲスト87,完了
SM4922880,店舗B,2024/01/13,25496,ゲスト79,完了
SM4713925,店舗C,2024/02/02,34426,ゲスト90,完了
SM6069909,店舗C,2024/07/28,11646,ゲスト18,完了
SM1760793,店舗A,2024/06/04,36284,ゲスト15,完了
SM2630611,店舗A,2024/10/02,12890,ゲスト50,完了
SM8610879,店舗B,2024/12/09,39402,ゲスト54,完了
SM3592464,店舗B,2024/12/01,10489,ゲスト63,完了
SM7847048,店舗B,2024/01/17,28283,ゲスト28,完了
SM8438733,店舗B,2024/04/30,27768,ゲスト13,完了
SM7162857,店舗C,2024/11/26,27506,ゲスト8,完了
SM7679674,店舗B,2024/04/07,12005,ゲスト59,完了
