予約番号,利用日,スペース名,利用者名,利用金額,ステータス
YY93810,2024/02/27,店舗A,ユーザー95,12012,確定
YY42098,2024/04/24,店舗A,ユーザー95,6358,確定
YY98696,2024/10/06,店舗A,ユーザー76,16825,確定
YY14165,2024/01/16,店舗A,ユーザー28,10623,確定
YY76237,2024/11/04,店舗A,ユーザー72,9515,確定
YY95181,2024/12/25,店舗C,ユーザー54,10223,確定
YY68878,2024/10/28,店舗B,ユーザー1,27864,確定
YY30926,2024/12/23,店舗B,ユーザー44,12105,確定
YY30379,2024/04/20,店舗B,ユーザー14,6039,確定
YY59797,2024/02/19,店舗B,ユーザー45,22782,確定
YY44671,2024/01/23,店舗C,ユーザー59,20571,確定
YY26361,2024/07/12,店舗A,ユーザー71,12606,確定
YY92397,2024/11/12,店舗B,ユーザー74,9300,確定
YY19116,2024/01/24,店舗C,ユーザー30,28331,確定
YY47930,2024/02/10,店舗A,ユーザー13,15455,確定
YY46434,2024/08/20,店舗C,ユーザー47,8329,確定
YY58520,2024/06/30,店舗A,ユーザー86,11748,確定
YY99593,2024/11/27,店舗A,ユーザー78,23806,確定
YY32431,2024/09/30,店舗C,ユーザー32,8354,確定
YY70589,2024/07/13,店舗B,ユーザー82,25549,確定
YY83000,2024/04/22,店舗C,ユーザー42,28176,確定
YY17331,2024/04/27,店舗A,ユーザー41,16145,確定
YY45093,2024/02/03,店舗A,ユーザー73,26524,確定
YY51245,2024/04/18,店舗C,ユーザー64,15964,確定
YY94259,2024/08/22,店舗A,ユーザー34,7575,確定
YY42325,2024/10/14,店舗C,ユーザー34,27478,確定
YY86622,2024/08/07,店舗C,ユーザー52,14861,確定
YY38746,2024/03/11,店舗C,ユーザー64,5978,確定
YY16175,2024/02/26,店舗A,ユーザー81,8242,確定
YY99192,2024/08/04,店舗C,ユーザー9,15608,確定
YY60019,2024/11/01,店舗B,ユーザー68,11238,確定
YY82512,2024/01/06,店舗C,ユーザー93,6753,確定
YY99353,2024/10/01,店舗B,ユーザー99,24003,確定
YY54587,2024/02/27,店舗B,ユーザー56,8182,確定
YY69470,2024/01/02,店舗C,ユーザー93,11630,確定
YY75612,2024/04/01,店舗C,ユーザー14,23489,確定
YY49117,2024/11/23,店舗C,ユーザー78,9517,確定
YY30032,2024/07/10,店舗A,ユーザー70,28514,確定
YY79514,2024/01/01,店舗C,ユーザー42,19010,確定
YY12552,2024/02/27,店舗B,ユーザー40,10846,確定
YY17592,2024/05/03,店舗C,ユーザー11,5806,確定
YY73699,2024/02/05,店舗C,ユーザー99,7120,確定
YY26828,2024/12/03,店舗B,ユーザー71,8410,確定
YY44741,2024/09/27,店舗C,ユーザー55,9940,確定
YY80686,2024/12/19,店舗A,ユーザー92,13214,確定
YY62296,2024/12/09,店舗C,ユーザー48,17355,確定
YY77839,2024/08/19,店舗A,ユーザー32,10362,確定
YY18392,2024/06/22,店舗A,ユーザー76,21150,確定
YY40161,2024/10/28,店舗A,ユーザー1,5326,確定
YY92719,2024/01/31,店舗A,ユーザー9,4029,確定
YY53309,2024/02/06,店舗C,ユーザー31,12125,確定
YY97684,2024/09/05,店舗A,ユーザー70,7335,確定
YY84847,2024/10/22,店舗B,ユーザー32,28710,確定
YY71993,2024/07/27,店舗A,ユーザー13,6176,確定
YY96374,2024/08/08,店舗B,ユーザー55,16470,確定
YY71213,2024/01/28,店舗C,ユーザー84,24174,確定
YY22899,2024/02/01,店舗B,ユーザー94,14118,確定
YY24322,2024/05/07,店舗A,ユーザー25,20573,確定
YY68800,2024/03/12,店舗B,ユーザー24,12127,確定
YY70637,2024/05/07,店舗A,ユーザー57,29477,確定
YY82132,2024/02/20,店舗A,ユーザー84,20713,確定
YY11934,2024/02/17,店舗A,ユーザー22,16317,確定
YY73653,2024/09/03,店舗A,ユーザー52,4921,確定
YY31579,2024/07/13,店舗A,ユーザー50,11690,確定
YY69638,2024/05/26,店舗B,ユーザー90,26937,確定
YY82845,2024/12/04,店舗C,ユーザー63,8072,確定
YY34890,2024/05/31,店舗A,ユーザー8,21978,確定
YY81066,2024/02/01,店舗C,ユーザー41,4873,確定
YY16572,2024/10/26,店舗B,ユーザー65,20403,確定
YY30635,2024/01/30,店舗C,ユーザー11,9089,確定
YY18981,2024/10/31,店舗A,ユーザー87,10707,確定
YY62923,2024/03/02,店舗C,ユーザー32,21970,確定
YY87924,2024/01/21,店舗C,ユーザー11,16737,確定
YY96163,2024/10/25,店舗C,ユーザー67,13366,確定
YY44179,2024/04/14,店舗C,ユーザー92,13295,確定
YY41285,2024/05/15,店舗B,ユーザー17,25009,確定
YY94607,2024/06/02,店舗B,ユーザー41,27637,確定
YY19508,2024/01/05,店舗B,ユーザー80,21448,確定
YY23104,2024/02/07,店舗C,ユーザー28,19576,確定
YY44760,2024/03/08,店舗B,ユーザー9,11004,確定
YY58434,2024/05/25,店舗A,ユーザー57,20800,確定
YY49651,2024/11/09,店舗C,ユーザー68,3256,確定
YY97538,2024/10/10,店舗B,ユーザー85,6394,確定
YY27601,2024/05/15,店舗A,ユーザー14,27327,確定
YY82512,2024/03/20,店舗B,ユーザー37,22819,確定
YY37607,2024/06/24,店舗A,ユーザー88,23782,確定
YY44600,2024/09/15,店舗B,ユーザー33,4664,確定
YY22097,2024/11/20,店舗B,ユーザー36,4444,確定
YY10464,2024/06/19,店舗A,ユーザー82,11583,確定
YY31178,2024/08/14,店舗C,ユーザー91,17014,確定
YY83519,2024/01/05,店舗A,ユーザー10,25643,確定
YY29536,2024/10/06,店舗A,ユーザー48,22087,確定
YY82420,2024/03/16,店舗B,ユーザー17,4370,確定
YY50404,2024/07/05,店舗A,ユーザー46,9883,確定
YY99399,2024/05/07,店舗C,ユーザー14,14589,確定
YY83385,2024/07/27,店舗C,ユーザー96,8064,確定
YY41029,2024/03/24,店舗A,ユーザー53,3812,確定
YY33509,2024/06/19,店舗B,ユーザー86,27086,確定
YY42527,2024/05/16,店舗A,ユーザー90,6542,確定
YY60140,2024/01/20,店舗B,ユーザー29,9539,確定
YY70332,2024/06/28,店舗B,ユーザー30,10304,確定
YY13101,2024/12/03,店舗A,ユーザー52,13756,確定
YY46517,2024/02/05,店舗B,ユーザー45,24020,確定
YY76768,2024/07/23,店舗C,ユーザー69,13851,確定
YY13617,2024/02/29,店舗B,ユーザー23,22024,確定
YY44795,2024/01/20,店舗A,ユーザー77,17239,確定
YY55309,2024/06/09,店舗B,ユーザー78,19758,確定
YY25157,2024/07/16,店舗C,ユーザー25,11346,確定
YY15817,2024/12/28,店舗B,ユーザー1,20036,確定
YY80575,2024/12/17,店舗C,ユーザー95,27151,確定
YY97900,2024/04/10,店舗B,ユーザー56,5292,確定
YY97062,2024/06/18,店舗C,ユーザー41,24737,確定
YY26334,2024/06/02,店舗C,ユーザー40,24852,確定
YY63528,2024/06/16,店舗B,ユーザー90,12688,確定
YY82667,2024/03/06,店舗A,ユーザー54,24788,確定
YY59695,2024/12/12,店舗C,ユーザー23,23169,確定
YY84593,2024/06/03,店舗B,ユーザー71,3013,確定
YY49829,2024/05/26,店舗A,ユーザー56,28747,確定
YY86019,2024/11/06,店舗C,ユーザー42,18236,確定
YY67905,2024/08/14,店舗C,ユーザー28,19750,確定
